{
    "size": {
        "model_size_mb": 5.949060440063477
    },
    "accuracy": {
        "top1_acc": 0.878
    },
    "timing": {
        "cpu": {
            "avg_time_ms": 140.05692061036825,
            "std_time_ms": 115.65762602175573,
            "min_time_ms": 99.05617590993643,
            "max_time_ms": 902.4142008274794,
            "num_runs": 100
        },
        "cuda": {
            "avg_time_ms": 5.3911923337727785,
            "std_time_ms": 0.2710096620061134,
            "min_time_ms": 5.124703980982304,
            "max_time_ms": 6.881447974592447,
            "num_runs": 100
        }
    }
}